molecule_chembl_id,canonical_smiles,bioactivity_class,standard_value
CHEMBL432835,CC(C)C(OC(=O)N1CCN(C(=O)N2C(=O)[C@H](CC3CCN(C(=N)N)C3)[C@H]2C(=O)O)CC1)C(C)C,active,9.0
CHEMBL324621,CC(C)C(OC(=O)N1CCN(C(=O)N2C(=O)[C@H](CC3CCCN(C(=N)N)C3)[C@H]2C(=O)O)CC1)C(C)C,active,71.0
CHEMBL324621,CC(C)C(OC(=O)N1CCN(C(=O)N2C(=O)[C@H](CC3CCCN(C(=N)N)C3)[C@H]2C(=O)O)CC1)C(C)C,active,204.0
CHEMBL109504,N=C(N)N1CCCC(C[C@H]2C(=O)N(C(=O)N3CCN(C(=O)CCCCCC4CCCCC4)CC3)[C@@H]2C(=O)O)C1,active,1.9
CHEMBL324621,CC(C)C(OC(=O)N1CCN(C(=O)N2C(=O)[C@H](CC3CCCN(C(=N)N)C3)[C@H]2C(=O)O)CC1)C(C)C,active,63.0
CHEMBL303437,N=C(N)N1CCC[C@H](C[C@H]2C(=O)N(C(=O)N3CCN(C(=O)CCCCCc4ccccc4)CC3)[C@@H]2C(=O)O)C1,active,1.7
CHEMBL326209,N=C(N)NCCC[C@H]1C(=O)N(C(=O)N2CCN(C(=O)CCCCCc3ccccc3)CC2)[C@@H]1C(=O)O,active,1.7
CHEMBL113591,CN(CCCCc1ccccc1)C(=O)N1CCN(C(=O)N2C(=O)[C@H](CC3CCCN(C(=N)N)C3)[C@H]2C(=O)O)CC1,active,6.0
CHEMBL111630,N=C(N)N1CCCC(C[C@H]2C(=O)N(C(=O)N3CCN(C(=O)OCCCOc4ccccc4)CC3)[C@@H]2C(=O)O)C1,active,1.7
CHEMBL111173,N=C(N)N1CCCC(C[C@H]2C(=O)N(C(=O)N3CCN(C(=O)NCCCCc4ccccc4)CC3)[C@@H]2C(=O)O)C1,active,1.7
CHEMBL70738,N=C(N)N1CCC[C@@H](C[C@H]2C(=O)N(C(=O)N3CCN(C(=O)CCCCCc4ccccc4)CC3)[C@@H]2C(=O)O)C1,active,1.7
CHEMBL109733,CC(C)C(OC(=O)N1CCN(C(=O)N2C(=O)[C@H](CC3CN(C(=N)N)C3)[C@H]2C(=O)O)CC1)C(C)C,active,12.0
CHEMBL71037,CC(C)(C)NC(=O)N1CCN(C(=O)N2C(=O)[C@H](CCCN=C(N)N)[C@H]2C(=O)O)CC1,active,4.0
CHEMBL440515,N=C(N)N1CCCC(C[C@H]2C(=O)N(C(=O)N3CCN(C(=O)CCCCCc4ccccc4)CC3)[C@@H]2C(=O)O)C1,active,1.7
CHEMBL302058,CC(C)C(OC(=O)N1CCN(C(=O)N2C(=O)[C@H](CCCN=C(N)N)[C@H]2C(=O)O)CC1)C(C)C,active,4.0
CHEMBL447534,N=C(N)N1CCCC(C[C@H]2C(=O)N(C(=O)N3CCN(C(=O)CCCCCc4ccccn4)CC3)[C@@H]2C(=O)O)C1,active,4.6
CHEMBL70155,CC(C)(C)NC(=O)N1CCN(C(=O)N2C(=O)[C@H](CC3CCNCC3)[C@H]2C(=O)O)CC1,active,30.0
CHEMBL304985,COc1cccc(CCC(=O)N2CCN(C(=O)N3C(=O)[C@H](CC4CCNCC4)[C@H]3C(=O)O)CC2)c1,active,14.0
CHEMBL70523,O=C(CCC(=O)N1CCN(C(=O)N2C(=O)[C@H](CC3CCNCC3)[C@H]2C(=O)O)CC1)NCCc1ccccc1,active,17.0
CHEMBL302792,O=C(O)[C@@H]1[C@@H](CC2CCNCC2)C(=O)N1C(=O)N1CCN(C(=O)Cc2ccc(Oc3ccccc3)cc2)CC1,active,5.0
CHEMBL70917,O=C(CCCC(=O)N1CCN(C(=O)N2C(=O)[C@H](CC3CCNCC3)[C@H]2C(=O)O)CC1)Nc1ccccc1,active,12.0
CHEMBL69558,O=C(NCCCC(=O)N1CCN(C(=O)N2C(=O)[C@H](CC3CCNCC3)[C@H]2C(=O)O)CC1)OCc1ccccc1,active,6.0
CHEMBL70404,Cc1ccc(C2=CN=C(CCC(=O)N3CCN(C(=O)N4C(=O)[C@H](CC5CCNCC5)[C@H]4C(=O)O)CC3)C2=O)cc1,active,5.0
CHEMBL70703,O=C(O)[C@@H]1[C@@H](CC2CCNCC2)C(=O)N1C(=O)N1CCN(C(=O)c2ccc(CCCc3ccccc3)cc2)CC1,active,6.0
CHEMBL305877,O=C(O)[C@@H]1[C@@H](CC2CCNCC2)C(=O)N1C(=O)N1CCN(C(=O)c2ccccc2-c2ccccc2)CC1,active,42.0
CHEMBL305457,O=C(O)[C@@H]1[C@@H](CC2CCNCC2)C(=O)N1C(=O)N1CCN(C(=O)Cc2cccc(Oc3ccccc3)c2)CC1,active,17.0
CHEMBL72532,O=C(O)[C@@H]1[C@@H](CC2CCNCC2)C(=O)N1C(=O)N1CCN(C(=O)CCCCCc2cccc3ccccc23)CC1,active,1.0
CHEMBL160602,O=C(CCCC(=O)OCN1C(=O)c2ccccc2S1(=O)=O)NCc1ccc(Cl)c(Cl)c1,active,230.0
CHEMBL71061,O=C(O)[C@@H]1[C@@H](CC2CCNCC2)C(=O)N1C(=O)N1CCN(C(=O)Cc2ccc(-c3ccccc3)cc2)CC1,active,5.0
CHEMBL302711,CC(=O)Nc1ccsc1C(=O)N1CCN(C(=O)N2C(=O)[C@H](CC3CCNCC3)[C@H]2C(=O)O)CC1,active,190.0
CHEMBL419449,O=C(O)[C@@H]1[C@@H](CC2CCNCC2)C(=O)N1C(=O)N1CCN(C(=O)CCCCCCc2ccccc2)CC1,active,5.0
CHEMBL70763,O=C(O)[C@@H]1[C@@H](CC2CCNCC2)C(=O)N1C(=O)N1CCN(C(=O)CCCc2ccc3ccccc3c2)CC1,active,10.0
CHEMBL70813,O=C(O)[C@@H]1[C@@H](CC2CCNCC2)C(=O)N1C(=O)N1CCN(C(=O)c2ccc(OCc3ccccc3)cc2)CC1,active,4.0
CHEMBL71072,O=C(O)[C@@H]1[C@@H](CC2CCNCC2)C(=O)N1C(=O)N1CCN(C(=O)c2cc3cc(F)ccc3[nH]2)CC1,active,450.0
CHEMBL424233,O=C(O)[C@@H]1[C@@H](CC2CCNCC2)C(=O)N1C(=O)N1CCN(C(=O)c2cccc(Oc3ccccc3)c2)CC1,active,15.0
CHEMBL429029,Cc1cccc(CCC(=O)N2CCN(C(=O)N3C(=O)[C@H](CC4CCNCC4)[C@H]3C(=O)O)CC2)c1,active,13.0
CHEMBL74178,O=C(O)[C@@H]1[C@@H](CC2CCNCC2)C(=O)N1C(=O)N1CCN(C(=O)c2ccc(C3CCCCC3)cc2)CC1,active,40.0
CHEMBL73215,O=C(O)[C@@H]1[C@@H](CC2CCNCC2)C(=O)N1C(=O)N1CCN(C(=O)c2ccc(-c3ccccc3)cc2)CC1,active,6.0
CHEMBL72626,CCCCCCc1ccc(-c2ccc(C(=O)N3CCN(C(=O)N4C(=O)[C@H](CC5CCNCC5)[C@H]4C(=O)O)CC3)cc2)cc1,active,120.0
CHEMBL70410,O=C(O)[C@@H]1[C@@H](CC2CCNCC2)C(=O)N1C(=O)N1CCN(C(=O)CCCCCCCc2ccccc2)CC1,active,5.0
CHEMBL303829,O=C(O)[C@@H]1[C@@H](CC2CCNCC2)C(=O)N1C(=O)N1CCN(C(=O)Cc2ccc3c(c2)CCCC3)CC1,active,30.0
CHEMBL70533,O=C1CC[C@@H](C(=O)N2CCN(C(=O)N3C(=O)[C@H](CC4CCNCC4)[C@H]3C(=O)O)CC2)N1,active,170.0
CHEMBL72708,O=C(O)[C@@H]1[C@@H](CC2CCNCC2)C(=O)N1C(=O)N1CCN(C(=O)CCCCCCc2cccc3ccccc23)CC1,active,1.0
CHEMBL72238,O=C(O)[C@@H]1[C@@H](CC2CCNCC2)C(=O)N1C(=O)N1CCN(C(=O)Cc2ccc3ccccc3c2)CC1,active,70.0
CHEMBL311165,O=C(O)[C@@H]1[C@@H](CC2CCNCC2)C(=O)N1C(=O)N1CCN(C(=O)c2ccccc2CCc2ccccc2)CC1,active,140.0
CHEMBL70350,O=C(O)[C@@H]1[C@@H](CC2CCNCC2)C(=O)N1C(=O)N1CCN(C(=O)CCCCCc2ccccc2)CC1,active,1.0
CHEMBL304359,O=C(O)[C@@H]1[C@@H](CC2CCNCC2)C(=O)N1C(=O)N1CCN(C(=O)CCCCCc2ccc3ccccc3c2)CC1,active,1.0
CHEMBL423308,CC1=NN(c2ccc(C(=O)N3CCN(C(=O)N4C(=O)[C@H](CC5CCNCC5)[C@H]4C(=O)O)CC3)cc2)C(=O)C1,active,380.0
CHEMBL424047,O=C(O)[C@@H]1[C@@H](CC2CCNCC2)C(=O)N1C(=O)N1CCN(C(=O)CCCC2CCCCC2)CC1,active,24.0
CHEMBL157487,COc1ccc(CNC(=O)CCCC(=O)OCN2C(=O)c3ccccc3S2(=O)=O)cc1,active,430.0
CHEMBL431557,O=C(O)[C@@H]1[C@@H](CC2CCNCC2)C(=O)N1C(=O)N1CCN(C(=O)c2ccc(Oc3ccccc3)cc2)CC1,active,7.0
CHEMBL303437,N=C(N)N1CCC[C@H](C[C@H]2C(=O)N(C(=O)N3CCN(C(=O)CCCCCc4ccccc4)CC3)[C@@H]2C(=O)O)C1,active,1.7
CHEMBL71037,CC(C)(C)NC(=O)N1CCN(C(=O)N2C(=O)[C@H](CCCN=C(N)N)[C@H]2C(=O)O)CC1,active,4.0
CHEMBL74179,O=C(O)[C@@H]1[C@@H](CC2CCNCC2)C(=O)N1C(=O)N1CCN(C(=O)Cc2ccc3c(c2)OCO3)CC1,active,55.0
CHEMBL71121,O=C(O)[C@@H]1[C@@H](CC2CCNCC2)C(=O)N1C(=O)N1CCN(C(=O)c2ccccc2Oc2ccccc2)CC1,active,120.0
CHEMBL305738,O=C(O)[C@@H]1[C@@H](CC2CCNCC2)C(=O)N1C(=O)N1CCN(C(=O)CCCCc2ccccc2)CC1,active,6.0
CHEMBL306488,O=C(O)[C@@H]1[C@@H](CC2CCNCC2)C(=O)N1C(=O)N1CCN(C(=O)c2cc3ccccc3o2)CC1,active,21.0
CHEMBL72520,O=C(O)[C@@H]1[C@@H](CC2CCNCC2)C(=O)N1C(=O)N1CCN(C(=O)Cc2ccc(CCCc3ccccc3)cc2)CC1,active,9.0
CHEMBL70766,O=C(O)[C@@H]1[C@@H](CC2CCNCC2)C(=O)N1C(=O)N1CCN(C(=O)CCCc2nc(-c3ccc(Cl)cc3)no2)CC1,active,5.0
CHEMBL309576,Cc1onc(-c2ccccc2)c1C(=O)N1CCN(C(=O)N2C(=O)[C@H](CC3CCNCC3)[C@H]2C(=O)O)CC1,active,290.0
CHEMBL69394,O=C(O)[C@@H]1[C@@H](CC2CCNCC2)C(=O)N1C(=O)N1CCN(C(=O)Cc2ccc(OCc3ccccc3)cc2)CC1,active,1.0
CHEMBL71377,O=C(O)[C@@H]1[C@@H](CC2CCNCC2)C(=O)N1C(=O)N1CCN(C(=O)c2ccc3ccccc3n2)CC1,active,110.0
CHEMBL419443,O=C(O)[C@@H]1[C@@H](CC2CCNCC2)C(=O)N1C(=O)N1CCN(C(=O)c2ccc3ccccc3c2)CC1,active,30.0
CHEMBL305950,O=C(O)[C@@H]1[C@@H](CC2CCNCC2)C(=O)N1C(=O)Nc1ccccc1,active,147.0
CHEMBL70350,O=C(O)[C@@H]1[C@@H](CC2CCNCC2)C(=O)N1C(=O)N1CCN(C(=O)CCCCCc2ccccc2)CC1,active,1.0
CHEMBL306448,O=C(O)[C@@H]1[C@@H](CCC2CCCNC2)C(=O)N1C(=O)N1CCN(C(=O)CCCCCc2ccccc2)CC1,active,1.8
CHEMBL303437,N=C(N)N1CCC[C@H](C[C@H]2C(=O)N(C(=O)N3CCN(C(=O)CCCCCc4ccccc4)CC3)[C@@H]2C(=O)O)C1,active,1.7
CHEMBL70665,CC(C)C(OC(=O)N1CCN(C(=O)N2C(=O)[C@H](CC3CCCNC3)[C@H]2C(=O)O)CC1)C(C)C,inactive,17899.0
CHEMBL441447,CC(C)C(OC(=O)N1CCN(C(=O)N2C(=O)[C@H](CCCCN)[C@H]2C(=O)O)CC1)C(C)C,active,7.0
CHEMBL72282,NCCCC[C@H]1C(=O)N(C(=O)N2CCN(C(=O)CCCCCc3ccccc3)CC2)[C@@H]1C(=O)O,active,1.7
CHEMBL307089,N=C(N)N1CCC(C[C@H]2C(=O)N(C(=O)Nc3ccccc3)[C@@H]2C(=O)O)CC1,active,515.0
CHEMBL70666,CC(C)C(OC(=O)N1CCN(C(=O)N2C(=O)[C@H](CCCCCN)[C@H]2C(=O)O)CC1)C(C)C,active,34.0
CHEMBL70619,CC(C)C(OC(=O)N1CCN(C(=O)N2C(=O)[C@H](Cc3ccc(N)nc3)[C@H]2C(=O)O)CC1)C(C)C,intermediate,1053.0
CHEMBL306696,CC(C)C(OC(=O)N1CCN(C(=O)N2C(=O)[C@H](Cc3cccc(CN)c3)[C@H]2C(=O)O)CC1)C(C)C,active,19.0
CHEMBL308015,CC(C)C(OC(=O)N1CCN(C(=O)N2C(=O)[C@H](CC3CCNC3)[C@H]2C(=O)O)CC1)C(C)C,intermediate,2605.0
CHEMBL422412,CC(C)C(OC(=O)N1CCN(C(=O)N2C(=O)[C@H](Cc3ccnc(N)c3)[C@H]2C(=O)O)CC1)C(C)C,active,61.0
CHEMBL308109,CC(C)(C)CNC(=O)N1CCN(C(=O)N2C(=O)[C@H](CC3CCNCC3)[C@H]2C(=O)O)CC1,active,30.0
CHEMBL70964,CC(C)C(OC(=O)N1CCN(C(=O)N2C(=O)[C@H](CCCCN=C(N)N)[C@H]2C(=O)O)CC1)C(C)C,active,39.0
CHEMBL430999,CC(C)C(OC(=O)N1CCN(C(=O)N2C(=O)[C@H](Cc3ccc(CN)cc3)[C@H]2C(=O)O)CC1)C(C)C,active,211.0
CHEMBL71037,CC(C)(C)NC(=O)N1CCN(C(=O)N2C(=O)[C@H](CCCN=C(N)N)[C@H]2C(=O)O)CC1,active,4.0
CHEMBL302058,CC(C)C(OC(=O)N1CCN(C(=O)N2C(=O)[C@H](CCCN=C(N)N)[C@H]2C(=O)O)CC1)C(C)C,active,4.0
CHEMBL273331,CC(C)C(OC(=O)N1CCN(C(=O)N2C(=O)[C@H](CCC3CCNCC3)[C@H]2C(=O)O)CC1)C(C)C,intermediate,1214.0
CHEMBL72279,CC(C)C(OC(=O)N1CCN(C(=O)N2C(=O)[C@H](CC3CCNCC3)[C@H]2C(=O)O)CC1)C(C)C,active,29.0
CHEMBL70529,CC(C)C(OC(=O)N1CCN(C(=O)N2C(=O)[C@H](CCCCCCN)[C@H]2C(=O)O)CC1)C(C)C,active,32.0
CHEMBL70738,N=C(N)N1CCC[C@@H](C[C@H]2C(=O)N(C(=O)N3CCN(C(=O)CCCCCc4ccccc4)CC3)[C@@H]2C(=O)O)C1,active,1.7
CHEMBL303827,CC(C)C(OC(=O)N1CCN(C(=O)N2C(=O)[C@H](CCCN)[C@H]2C(=O)O)CC1)C(C)C,inactive,33000.0
CHEMBL144576,O=C(CCc1ccccc1)Nc1ccc(C(=O)OCN2C(=O)c3ccccc3S2(=O)=O)cc1,active,170.0
CHEMBL357689,CC(C)(C)OC(=O)N(C(=O)OCN1C(=O)c2ccccc2S1(=O)=O)[C@H](CCCCNC(=O)OCc1ccccc1)C(=O)O,inactive,12200.0
CHEMBL358761,C[C@H](NC(=O)OCN1C(=O)c2ccccc2S1(=O)=O)C(=O)N(CC(=O)O)C(=O)OCc1ccccc1,inactive,13400.0
CHEMBL144359,O=C(OCN1C(=O)c2ccccc2S1(=O)=O)c1ccc(OCCOc2ccccc2)cc1,inactive,33000.0
CHEMBL424493,Nc1ccc(C(=O)OCN2C(=O)c3ccccc3S2(=O)=O)cc1,inactive,33000.0
CHEMBL144648,O=C(CNC(=O)OCc1ccccc1)OCN1C(=O)c2ccccc2S1(=O)=O,intermediate,6940.0
CHEMBL343239,CC(C)(C)OC(=O)N(C(=O)OCN1C(=O)c2ccccc2S1(=O)=O)[C@@H](CCCCNC(=O)OCc1ccccc1)C(=O)O,active,352.0
CHEMBL145238,CC(C)(C)OC(=O)NCCCCCC(=O)OCN1C(=O)c2ccccc2S1(=O)=O,intermediate,5370.0
CHEMBL341885,O=C(CCCCNC(=O)OCc1ccccc1)OCN1C(=O)c2ccccc2S1(=O)=O,active,110.0
CHEMBL357829,O=C(NCc1ccc(C(=O)OCN2C(=O)c3ccccc3S2(=O)=O)cc1)Oc1ccccc1,active,630.0
CHEMBL439808,O=C(O)CCN(C(=O)CCNC(=O)OCN1C(=O)c2ccccc2S1(=O)=O)C(=O)OCc1ccccc1,inactive,33000.0
CHEMBL144167,O=C(NCCc1ccccc1)c1ccc(C(=O)OCN2C(=O)c3ccccc3S2(=O)=O)cc1,active,679.0
CHEMBL143450,O=C(CCCCCNC(=O)OCc1ccccc1)OCN1C(=O)c2ccccc2S1(=O)=O,active,436.0
CHEMBL356570,O=C(O)CCN(C(=O)CNC(=O)OCN1C(=O)c2ccccc2S1(=O)=O)C(=O)OCc1ccccc1,active,255.0
CHEMBL144669,O=C(NCc1ccccc1)Nc1ccc(C(=O)OCN2C(=O)c3ccccc3S2(=O)=O)cc1,active,950.0
CHEMBL144342,O=C(Nc1ccc(C(=O)OCN2C(=O)c3ccccc3S2(=O)=O)cc1)OCc1ccccc1,active,64.3
CHEMBL144312,O=C(CCCNC(=O)OCc1ccccc1)OCN1C(=O)c2ccccc2S1(=O)=O,active,349.0
CHEMBL144163,O=C(O)CN(C(=O)CNC(=O)OCN1C(=O)c2ccccc2S1(=O)=O)C(=O)OCc1ccccc1,active,900.0
CHEMBL144867,O=C(NCc1ccc(C(=O)OCN2C(=O)c3ccccc3S2(=O)=O)cc1)OCc1ccccc1,active,352.0
CHEMBL344560,O=C(CCNC(=O)OCc1ccccc1)OCN1C(=O)c2ccccc2S1(=O)=O,active,854.0
CHEMBL144711,O=C(Nc1cccc(C(=O)OCN2C(=O)c3ccccc3S2(=O)=O)c1)OCc1ccccc1,inactive,33000.0
CHEMBL144603,O=C(Cc1ccccc1)NCc1ccc(C(=O)OCN2C(=O)c3ccccc3S2(=O)=O)cc1,active,132.0
CHEMBL144166,O=C(NCc1ccc(C(=O)OCN2C(=O)c3ccccc3S2(=O)=O)cc1)Nc1ccccc1,active,157.0
CHEMBL322538,N=C(N)NCCC[C@H]1C(=O)N(C(=O)N2CCN(C(=O)OCCc3ccccc3)CC2)[C@@H]1C(=O)O,active,0.7
CHEMBL107493,CC(C)(C)OC(=O)N1CCN(C(=O)N2C(=O)[C@H](CCCN=C(N)N)[C@H]2C(=O)N2CCCCC2)CC1,active,3.0
CHEMBL321622,CC(C)(C)OC(=O)N1CCN(C(=O)N2C(=O)[C@H](CCCN=C(N)N)[C@H]2C(=O)O)CC1,active,4.0
CHEMBL109947,CCN(CC)C(=O)N1CCN(C(=O)N2C(=O)[C@H](CCCN=C(N)N)[C@H]2C(=O)O)CC1,active,5.0
CHEMBL110061,CNC(=O)[C@@H]1[C@@H](CCCN=C(N)N)C(=O)N1C(=O)N1CCN(C(=O)OC(C)(C)C)CC1,active,0.7
CHEMBL320744,N=C(N)NCCC[C@H]1C(=O)N(C(=O)Nc2ccccc2)[C@@H]1C(=O)O,active,6.0
CHEMBL111141,N=C(N)NCCC[C@H]1C(=O)N(C(=O)NC2CCCCC2)[C@@H]1C(=O)O,active,18.0
CHEMBL111250,N=C(N)NCCC[C@H]1C(=O)N(C(=O)c2ccc(-c3ccccc3)cc2)[C@@H]1C(=O)O,active,1.0
CHEMBL109602,N=C(N)NCCC[C@H]1C(=O)N(C(=O)N2CCN(S(=O)(=O)c3ccccc3)CC2)[C@@H]1C(=O)O,active,13.0
CHEMBL109882,CC(C)(C)CC(=O)N1CCN(C(=O)N2C(=O)[C@H](CCCN=C(N)N)[C@H]2C(=O)O)CC1,active,11.0
CHEMBL326480,CC(C)(C)C(=O)N1CCN(C(=O)N2C(=O)[C@H](CCCN=C(N)N)[C@H]2C(=O)O)CC1,active,7.0
CHEMBL320744,N=C(N)NCCC[C@H]1C(=O)N(C(=O)Nc2ccccc2)[C@@H]1C(=O)O,intermediate,5380.0
CHEMBL111270,N=C(N)NCCC[C@H]1C(=O)N(C(=O)c2ccccc2)[C@@H]1C(=O)O,active,9.0
CHEMBL109254,COC(=O)N1CCN(C(=O)N2C(=O)[C@H](CCCN=C(N)N)[C@H]2C(=O)O)CC1,active,9.0
CHEMBL320744,N=C(N)NCCC[C@H]1C(=O)N(C(=O)Nc2ccccc2)[C@@H]1C(=O)O,active,992.0
CHEMBL443539,N=C(N)NCCC[C@H]1C(=O)N(C(=O)c2cccs2)[C@@H]1C(=O)O,active,1.0
CHEMBL111548,N=C(N)NCCC[C@H]1C(=O)N(C(=O)N2CCN(C(=O)c3ccccc3)CC2)[C@@H]1C(=O)O,active,5.2
CHEMBL320529,N=C(N)NCCC[C@H]1C(=O)N(C(=O)NCc2ccccc2)[C@@H]1C(=O)O,active,71.0
CHEMBL109888,N=C(N)NCCC[C@H]1C(=O)N(S(=O)(=O)c2ccc(-c3ccccc3)cc2)[C@@H]1C(=O)O,active,1.0
CHEMBL71037,CC(C)(C)NC(=O)N1CCN(C(=O)N2C(=O)[C@H](CCCN=C(N)N)[C@H]2C(=O)O)CC1,active,4.0
CHEMBL322526,CC(C)(C)OC(=O)N1CCN(C(=O)N2C(=O)[C@H](CCCN=C(N)N)[C@H]2C(N)=O)CC1,active,0.4
CHEMBL107791,NCc1cccc(NC(=O)CN2CCCCC(NC(=O)c3cnc4ccccc4c3)C2=O)c1,inactive,15000.0
CHEMBL104354,NC1CCCc2ccc(NC(=O)CN3CCCCC(NC(=O)c4ccc(-c5ccccc5)cc4)C3=O)cc21,inactive,33000.0
CHEMBL432789,NCc1cccc(NC(=O)CN2CCCCC(NC(=O)c3ccc(C4CCCCC4)cc3)C2=O)c1,active,980.0
CHEMBL107476,NCCCCNC(=O)CN1CCCCC(NC(=O)c2ccc(-c3ccccc3)cc2)C1=O,inactive,33000.0
CHEMBL104434,NCc1ccccc1NC(=O)CN1CCCCC(NC(=O)c2ccc(-c3ccccc3)cc2)C1=O,inactive,33000.0
CHEMBL323783,NCc1ccc(Cl)c(NC(=O)CN2CCCCC(NC(=O)c3ccc(-c4ccccc4)cc3)C2=O)c1,active,38.0
CHEMBL323783,NCc1ccc(Cl)c(NC(=O)CN2CCCCC(NC(=O)c3ccc(-c4ccccc4)cc3)C2=O)c1,active,38.0
CHEMBL321466,NCc1cccc(NC(=O)CN2CCCCC(NC(=O)CC(c3ccccc3)c3ccccc3)C2=O)c1,active,200.0
CHEMBL321466,NCc1cccc(NC(=O)CN2CCCCC(NC(=O)CC(c3ccccc3)c3ccccc3)C2=O)c1,active,200.0
CHEMBL107805,O=C(CN1CCCCC(NC(=O)c2ccc(-c3ccccc3)cc2)C1=O)NCC1CCNCC1,inactive,33000.0
CHEMBL106183,CCN(CC)Cc1cccc(NC(=O)CN2CCCCC(NC(=O)c3ccc(-c4ccccc4)cc3)C2=O)c1,inactive,33000.0
CHEMBL106146,NCC1CCC(NC(=O)CN2CCCCC(NC(=O)c3ccc(-c4ccccc4)cc3)C2=O)CC1,inactive,12000.0
CHEMBL107690,CNCc1cccc(NC(=O)CN2CCCCC(NC(=O)c3ccc(-c4ccccc4)cc3)C2=O)c1,inactive,33000.0
CHEMBL104220,Cc1ccc(-c2ccc(C(=O)NC3CCCCN(CC(=O)Nc4cccc(CN)c4)C3=O)cc2)cc1,intermediate,1300.0
CHEMBL326448,NC(=O)c1cccc(NC(=O)CN2CCCCC(NC(=O)c3ccc(-c4ccccc4)cc3)C2=O)c1,inactive,33000.0
CHEMBL320722,NCc1cccc(NC(=O)CN2CCCCC(NC(=O)CCCCc3ccccc3)C2=O)c1,intermediate,2900.0
CHEMBL322441,NCc1cccc(NC(=O)CN2CCCCC(NC(=O)c3ccc(-c4ccc(Cl)c(Cl)c4)cc3)C2=O)c1,intermediate,2100.0
CHEMBL321145,NCc1cccc(NC(=O)CN2CCCCC(NC(=O)c3ccc(-c4ccccc4)cc3)C2=O)c1,active,250.0
CHEMBL321145,NCc1cccc(NC(=O)CN2CCCCC(NC(=O)c3ccc(-c4ccccc4)cc3)C2=O)c1,active,250.0
CHEMBL419366,COc1ccc(CN)cc1NC(=O)CN1CCCCC(NC(=O)c2ccc(-c3ccccc3)cc2)C1=O,active,890.0
CHEMBL107233,Nc1ccc(CNC(=O)CN2CCCCC(NC(=O)c3ccc(-c4ccccc4)cc3)C2=O)cc1,inactive,33000.0
CHEMBL106903,NCc1cccc(NC(=O)CN2CCCCC(NC(=O)COc3ccc4ccccc4c3)C2=O)c1,intermediate,4600.0
CHEMBL321378,Nc1cccc(CNC(=O)CN2CCCCC(NC(=O)c3ccc(-c4ccccc4)cc3)C2=O)c1,inactive,33000.0
CHEMBL320659,CCc1ccc(-c2ccc(C(=O)NC3CCCCN(CC(=O)Nc4cccc(CN)c4)C3=O)cc2)cc1,intermediate,2900.0
CHEMBL104601,NCc1cccc(NC(=O)CN2CCCCC(NC(=O)Cc3ccc(-c4ccccc4)cc3)C2=O)c1,intermediate,5200.0
CHEMBL317458,CCc1ccc(C(=O)NC2CCCCN(CC(=O)Nc3cccc(CN)c3)C2=O)cc1,intermediate,4600.0
CHEMBL104309,NCCCCCNC(=O)CN1CCCCC(NC(=O)c2ccc(-c3ccccc3)cc2)C1=O,inactive,12000.0
CHEMBL319925,NCc1cccc(CNC(=O)CN2CCCCC(NC(=O)c3ccc(-c4ccccc4)cc3)C2=O)c1,inactive,13000.0
CHEMBL107427,NCc1ccc(NC(=O)CN2CCCCC(NC(=O)c3ccc(-c4ccccc4)cc3)C2=O)cc1,intermediate,3600.0
CHEMBL107095,O=C(CN1CCCCC(NC(=O)c2ccc(-c3ccccc3)cc2)C1=O)Nc1ccc2c(c1)CNCC2,inactive,33000.0
CHEMBL104064,Cc1ccc(CN)cc1NC(=O)CN1CCCCC(NC(=O)c2ccc(-c3ccccc3)cc2)C1=O,active,74.0
CHEMBL104064,Cc1ccc(CN)cc1NC(=O)CN1CCCCC(NC(=O)c2ccc(-c3ccccc3)cc2)C1=O,active,74.0
CHEMBL107226,NCCCCCCNC(=O)CN1CCCCC(NC(=O)c2ccc(-c3ccccc3)cc2)C1=O,inactive,33000.0
CHEMBL326694,NCCc1ccc(NC(=O)CN2CCCCC(NC(=O)c3ccc(-c4ccccc4)cc3)C2=O)cc1,inactive,11000.0
CHEMBL320473,NCc1cccc(NC(=O)CN2CCCCC(NC(=O)c3ccc(Cc4ccccc4)cc3)C2=O)c1,active,980.0
CHEMBL3604626,CN1C(=O)c2ccc(OC(=O)CCc3ccc(N)nc3)cc2C1=O.Cl,active,190.0
CHEMBL71037,CC(C)(C)NC(=O)N1CCN(C(=O)N2C(=O)[C@H](CCCN=C(N)N)[C@H]2C(=O)O)CC1,active,5.0
CHEMBL3582257,COc1cc(OCc2cccc(-c3ccccc3)c2C)cc(OC)c1CNC(CO)(CO)CO,active,6.0
CHEMBL3582256,COc1cc(OCc2cccc(-c3ccccc3)c2C#N)cc(OC)c1CN1CCCC[C@H]1C(=O)O,active,6.0
CHEMBL3582255,Cc1c(COc2ccc(CNCC3CCC(=O)N3)cc2)cccc1-c1ccccc1,intermediate,1010.0
CHEMBL3582254,Cc1c(COc2ccc(CN[C@H](C)C(=O)O)cc2Cl)cccc1-c1ccccc1,active,6.0
CHEMBL3582253,Cc1cc(CN2CCC(C(=O)NCCO)CC2)ccc1OCc1cccc(-c2ccccc2)c1C,active,110.0
CHEMBL3582252,COc1cc(OCc2cccc(-c3ccccc3)c2C)cc(OC)c1CN1CCCC[C@H]1C(=O)O,active,6.0
CHEMBL4081869,COc1cc(OCc2cccc(-c3ccccc3)c2C)cc(OC)c1CNCCNC(C)=O,active,6.0
CHEMBL4099869,Cc1c(COc2ccc(CN3CCCCC3C(=O)O)cc2Br)cccc1-c1ccccc1,active,146.0
CHEMBL4089730,COc1nc(OCc2cccc(-c3ccccc3)c2C)ccc1CNCCNC(C)=O,active,18.0
CHEMBL4061613,COc1cc(OCc2cccc(-c3ccccc3)c2C)cc(OC)c1CN[C@@H](CO)C(C)C,active,6.0
CHEMBL4062686,Cc1c(COc2cc(F)c(CNC[C@@H](O)CC(=O)O)cc2F)cccc1-c1ccc2c(c1)OCCO2,active,80.0
CHEMBL4084368,Cc1cc(CN[C@H](CO)C(=O)O)c(OCc2cccc(C#N)c2)cc1OCc1cccc(-c2ccc3c(c2)OCCO3)c1C,active,2.25
CHEMBL4071326,Cc1c(COc2cc(OCc3cccc(C#N)c3)c(CN3C[C@H](O)C[C@@H]3C(=O)O)cc2Cl)cccc1-c1ccc2c(c1)OCCO2,active,1.4
CHEMBL4089730,COc1nc(OCc2cccc(-c3ccccc3)c2C)ccc1CNCCNC(C)=O,active,18.0
CHEMBL4099869,Cc1c(COc2ccc(CN3CCCCC3C(=O)O)cc2Br)cccc1-c1ccccc1,active,146.0
CHEMBL4062686,Cc1c(COc2cc(F)c(CNC[C@@H](O)CC(=O)O)cc2F)cccc1-c1ccc2c(c1)OCCO2,active,80.0
CHEMBL4288470,CCCC[C@H]1C(=O)N(C)[C@@H](CCCC)C(=O)N[C@@H](CCCNC(=N)N)C(=O)NC(C(=O)NCC(N)=O)CSCC(=O)N[C@@H](Cc2ccccc2)C(=O)N(C)[C@@H](C)C(=O)N[C@@H](CC(N)=O)C(=O)N2CCCC2C(=O)N[C@@H](CC(C)C)C(=O)NC(=O)N(C)CC(=O)NCC(=O)N[C@@H](Cc2c[nH]c3ccccc23)C(=O)N[C@@H](Cc2c[nH]c3ccccc23)C(=O)N1C,active,5.2
CHEMBL4639107,Cc1c(-c2ccccc2)cccc1-c1cn2nc(CNCCO)cnc2n1,active,100.0
CHEMBL4636289,Cc1c(-c2ccccc2)cccc1-c1nc2c(s1)CNCC2,active,100.0
CHEMBL4636342,N#Cc1c(-c2ccc3c(c2)OCCO3)cccc1N1CCC(N[C@H]2C[C@@H](O)C2)CC1,active,100.0
CHEMBL4637826,Cc1c(-c2ccccc2)cccc1-c1nc2cc(CNCCO)ccc2o1,active,100.0
CHEMBL4633569,N#Cc1cncc(COc2cc(O[C@H]3CCc4c(-c5ccccc5)cccc43)c(Cl)cc2CN[C@@H](CO)C(=O)O)c1,active,100.0
CHEMBL366760,O=C(/C=C/c1ccc(O)c(O)c1)O[C@H]1C[C@@](O)(C(=O)O)C[C@H](O)[C@@H]1O,inactive,36560.0
CHEMBL4081869,COc1cc(OCc2cccc(-c3ccccc3)c2C)cc(OC)c1CNCCNC(C)=O,active,100.0
CHEMBL4062686,Cc1c(COc2cc(F)c(CNC[C@@H](O)CC(=O)O)cc2F)cccc1-c1ccc2c(c1)OCCO2,active,100.0
